ubicageo_f,numeral,nombre1
1001,1,NO APLICA
1002,1,NO APLICA
1003,1,NO APLICA
1004,1,NO APLICA
1005,1,NO APLICA
1006,1,NO APLICA
1007,1,NO APLICA
1008,1,NO APLICA
1009,1,NO APLICA
1010,1,NO APLICA
1011,1,NO APLICA
2001,1,NO APLICA
2002,1,NO APLICA
2003,1,NO APLICA
2004,1,NO APLICA
2005,1,NO APLICA
2006,1,NO APLICA
2007,1,NO APLICA
3001,1,NO APLICA
3002,1,NO APLICA
3003,1,NO APLICA
3008,1,REALIZAR CONDUCTAS QUE DESACREDITEN SU PERSONA E IMAGEN DE LA INSTITUCION DENTRO O FUERA DEL SERVICIO
3008,2,FALTAR A SUS LABORES POR AS DE TRES TURNOS EN UN PERIODO DE 30 DIAS NATURALES SIN PERMISO O CAUSA JUSTIFICADA
3008,3,NO OBSERVAR UN TRATO RESPETUOSO CON TODAS LAS PERSONAS
3008,4,NEGARSE A IDENTIFICARSE CON DOCUMENTO OFICIAL QUE EMITA LA AUTORIDAD COMPETENTE EN EL QUE SE SEÑALE LA INSTITUCION POLICIAL A LA QUE PERTENECE
3008,5,ABUSO DE AUTORIDAD
3009,1,NO APLICA
4001,1,NO APLICA
4002,1,NO APLICA
4003,1,NO APLICA
4004,1,NO APLICA
4005,1,NO APLICA
4006,1,NO APLICA
4007,1,NO APLICA
4008,1,NO APLICA
4009,1,NO APLICA
4010,1,NO APLICA
4011,1,NO APLICA
4012,1,NO APLICA
4013,1,NO APLICA
5001,1,NO APLICA
5002,1,NO APLICA
5003,1,NO APLICA
5004,1,NO APLICA
5005,1,NO APLICA
5006,1,NO APLICA
5007,1,NO APLICA
5008,1,NO APLICA
5009,1,NO APLICA
5010,1,NO APLICA
5011,1,NO APLICA
5012,1,NO APLICA
5013,1,NO APLICA
5014,1,NO IDENTIFICADO
5015,1,NO APLICA
5016,1,NO APLICA
5017,1,NO APLICA
5018,1,NO APLICA
5019,1,NO APLICA
5020,1,NO APLICA
5021,1,NO APLICA
5022,1,NO APLICA
5023,1,NO APLICA
5024,1,NO APLICA
5025,1,NO APLICA
5026,1,NO APLICA
5027,1,NO APLICA
5028,1,NO APLICA
5029,1,NO APLICA
5030,1,NO APLICA
5031,1,NO APLICA
5032,1,NO APLICA
5033,1,FALTAR INJUSTIFICADAMENTE A SUS LABORES POR UN DIA
5034,1,NO APLICA
5035,1,NO APLICA
5036,1,NO APLICA
5037,1,NO APLICA
5038,1,NO APLICA
6001,1,NO APLICA
6002,1,NO APLICA
6003,1,NO APLICA
6004,1,NO APLICA
6005,1,NO APLICA
6006,1,NO APLICA
6007,1,NO APLICA
6008,1,NO APLICA
6009,1,NO APLICA
6010,1,NO APLICA
7001,1,NO APLICA
7002,1,NO APLICA
7003,1,NO APLICA
7004,1,NO APLICA
7005,1,NO APLICA
7006,1,NO APLICA
7007,1,NO APLICA
7008,1,NO APLICA
7009,1,NO APLICA
7010,1,NO APLICA
7011,1,NO APLICA
7012,1,NO APLICA
7013,1,NO APLICA
7014,1,NO APLICA
7015,1,NO APLICA
7016,1,NO APLICA
7017,1,NO APLICA
7018,1,NO APLICA
7019,1,NO APLICA
7020,1,NO APLICA
7021,1,NO APLICA
7022,1,NO APLICA
7023,1,NO APLICA
7024,1,NO APLICA
7025,1,NO APLICA
7026,1,NO APLICA
7027,1,NO APLICA
7028,1,NO APLICA
7029,1,NO APLICA
7030,1,NO APLICA
7031,1,NO APLICA
7032,1,NO APLICA
7033,1,NO APLICA
7034,1,NO APLICA
7035,1,NO APLICA
7036,1,NO APLICA
7037,1,NO APLICA
7038,1,NO APLICA
7039,1,NO APLICA
7040,1,NO APLICA
7041,1,NO APLICA
7042,1,NO APLICA
7043,1,NO APLICA
7044,1,NO APLICA
7045,1,NO APLICA
7046,1,NO APLICA
7047,1,NO APLICA
7048,1,NO APLICA
7049,1,NO APLICA
7050,1,NO APLICA
7051,1,NO APLICA
7052,1,NO APLICA
7053,1,NO APLICA
7054,1,NO APLICA
7055,1,NO APLICA
7056,1,NO APLICA
7057,1,NO APLICA
7058,1,NO APLICA
7059,1,NO APLICA
7060,1,NO APLICA
7061,1,NO APLICA
7062,1,NO APLICA
7063,1,NO APLICA
7064,1,NO APLICA
7065,1,NO APLICA
7066,1,NO APLICA
7067,1,NO APLICA
7068,1,NO APLICA
7069,1,NO APLICA
7070,1,NO APLICA
7071,1,NO APLICA
7072,1,NO APLICA
7073,1,NO APLICA
7074,1,NO APLICA
7075,1,NO APLICA
7076,1,NO APLICA
7077,1,NO APLICA
7078,1,NO APLICA
7079,1,NO APLICA
7080,1,NO APLICA
7081,1,NO APLICA
7082,1,NO APLICA
7083,1,NO APLICA
7084,1,NO APLICA
7085,1,NO APLICA
7086,1,NO APLICA
7087,1,NO APLICA
7088,1,NO APLICA
7089,1,NO APLICA
7090,1,NO APLICA
7091,1,NO APLICA
7092,1,NO APLICA
7093,1,NO APLICA
7094,1,NO APLICA
7096,1,NO APLICA
7097,1,POR DESOBEDECER UNA ORDEN
7097,2,DAR FALSAS NOVEDADES
7097,3,DORMIR EN SERVICIO
7097,4,TOMARSE ATRIBUCIONES QUE NO LE CORRESPONDEN
7097,5,RELAJAR LA DISCIPLINA
7098,1,NO APLICA
7099,1,NO APLICA
7100,1,NO APLICA
7101,1,ABUSO DE AUTORIDAD
7101,2,RECIBIR REGALO O DADIVAS O CUALQUIER INDOLE EN ESPECIE EN EJERCICIO O CON MOTIVO DE SUS FUNCIONES
7101,3,ABANDONO DE SERVICIO
7101,4,INASISTENCIA
7101,5,COMETER CUALQUIER ACTO DE INDICIPLINA O ABUSO DE AUTORIDAD
7101,6,ROBO
7101,7,EXTORSION
7102,1,NO APLICA
7103,1,NO APLICA
7104,1,NO APLICA
7105,1,NO APLICA
7106,1,NO APLICA
7107,1,NO APLICA
7108,1,NO APLICA
7109,1,NO APLICA
7110,1,NO APLICA
7111,1,NO APLICA
7112,1,NO APLICA
7113,1,NO APLICA
7114,1,NO APLICA
7115,1,NO APLICA
7116,1,NO APLICA
7117,1,NO APLICA
7118,1,NO APLICA
7119,1,NO APLICA
7120,1,NO APLICA
7121,1,NO APLICA
7122,1,NO APLICA
7123,1,NO APLICA
7124,1,NO APLICA
7125,1,NO APLICA
8001,1,NO APLICA
8002,1,NO APLICA
8003,1,NO APLICA
8004,1,NO APLICA
8005,1,NO APLICA
8006,1,NO APLICA
8007,1,NO APLICA
8008,1,NO APLICA
8009,1,NO APLICA
8010,1,NO APLICA
8011,1,NO APLICA
8012,1,NO APLICA
8013,1,NO APLICA
8014,1,NO APLICA
8015,1,NO APLICA
8016,1,NO APLICA
8017,1,NO APLICA
8018,1,NO APLICA
8019,1,NO APLICA
8020,1,NO APLICA
8021,1,NO IDENTIFICADO
8022,1,NO APLICA
8023,1,NO APLICA
8024,1,NO APLICA
8025,1,NO APLICA
8026,1,NO APLICA
8027,1,NO APLICA
8028,1,NO APLICA
8029,1,NO APLICA
8030,1,NO APLICA
8031,1,NO APLICA
8032,1,NO APLICA
8033,1,NO APLICA
8034,1,NO APLICA
8035,1,NO APLICA
8036,1,NO APLICA
8037,1,NO APLICA
8038,1,NO APLICA
8039,1,NO APLICA
8040,1,NO APLICA
8041,1,NO APLICA
8042,1,NO APLICA
8043,1,NO APLICA
8044,1,NO APLICA
8045,1,NO APLICA
8046,1,NO APLICA
8047,1,NO APLICA
8048,1,NO APLICA
8049,1,NO APLICA
8050,1,NO APLICA
8051,1,NO APLICA
8052,1,NO APLICA
8053,1,NO APLICA
8054,1,NO APLICA
8055,1,NO APLICA
8056,1,NO APLICA
8057,1,NO APLICA
8058,1,NO APLICA
8059,1,NO APLICA
8060,1,NO APLICA
8061,1,NO APLICA
8062,1,NO APLICA
8063,1,NO APLICA
8064,1,NO APLICA
8065,1,NO APLICA
8066,1,NO APLICA
8067,1,NO APLICA
9002,1,NO APLICA
9003,1,NO APLICA
9004,1,NO APLICA
9005,1,NO APLICA
9006,1,NO APLICA
9007,1,NO APLICA
9008,1,NO APLICA
9009,1,NO APLICA
9010,1,NO APLICA
9011,1,NO APLICA
9012,1,NO APLICA
9013,1,NO APLICA
9014,1,NO APLICA
9015,1,NO APLICA
9016,1,NO APLICA
9017,1,NO APLICA
10001,1,NO APLICA
10002,1,NO APLICA
10003,1,NO APLICA
10004,1,NO APLICA
10005,1,NO APLICA
10006,1,NO APLICA
10007,1,ABUSO DE AUTORIDAD
10007,2,ROBO
10008,1,NO APLICA
10009,1,NO APLICA
10010,1,NO APLICA
10011,1,NO APLICA
10012,1,NO APLICA
10013,1,NO APLICA
10014,1,NO APLICA
10015,1,NO APLICA
10016,1,NO APLICA
10017,1,NO APLICA
10018,1,NO APLICA
10019,1,NO APLICA
10020,1,NO APLICA
10021,1,NO APLICA
10022,1,NO APLICA
10023,1,NO APLICA
10024,1,NO APLICA
10025,1,NO APLICA
10026,1,NO APLICA
10027,1,NO APLICA
10028,1,NO APLICA
10029,1,NO APLICA
10030,1,NO APLICA
10031,1,NO APLICA
10032,1,NO APLICA
10033,1,NO APLICA
10034,1,NO APLICA
10035,1,NO APLICA
10036,1,NO APLICA
10037,1,NO APLICA
10038,1,NO APLICA
10039,1,NO APLICA
11001,1,NO APLICA
11002,1,NO APLICA
11003,1,NO APLICA
11004,1,NO APLICA
11005,1,NO APLICA
11006,1,NO APLICA
11007,1,NO IDENTIFICADO
11008,1,NO IDENTIFICADO
11009,1,NO APLICA
11010,1,NO IDENTIFICADO
11011,1,NO APLICA
11012,1,NO APLICA
11013,1,NO APLICA
11014,1,NO APLICA
11015,1,NO HONRAR CON DISCIPLINA
11015,2,RESPONSABILIDAD
11015,3,DECISION
11015,4,INTEGRIDAD
11015,5,PROFESIONALISMO
11015,6,LA INSTITUCION DE SEGURIDAD DENTRO Y FUERA DEL SERVICIO
11016,1,NO IDENTIFICADO
11017,1,NO APLICA
11018,1,ABUSO DE AUTORIDAD
11019,1,NO APLICA
11020,1,NO APLICA
11021,1,NO PASAR O REPROBAR ALGUNA DE LAS PRUEBAS YO EXAMENES DE CONTROL Y CONFIANZA QUE SE APLIQUEN
11021,2,ACUMULAR TRES O MAS FALTAS A SU SERVICIO DENTRO DE UN PERIODO DE 30 DIAS NATURALES SIN CAUSA JUSTIFICADA
11022,1,NO APLICA
11023,1,NO IDENTIFICADO
11024,1,NO IDENTIFICADO
11025,1,NO APLICA
11026,1,NO APLICA
11027,1,NO APLICA
11028,1,NO IDENTIFICADO
11029,1,NO APLICA
11030,1,NO APLICA
11031,1,NO APLICA
11032,1,NO APLICA
11033,1,NO APLICA
11034,1,NO APLICA
11035,1,NO APLICA
11036,1,NO APLICA
11037,1,NO IDENTIFICADO
11038,1,NO IDENTIFICADO
11039,1,NO APLICA
11040,1,NO APLICA
11041,1,NO IDENTIFICADO
11042,1,NO IDENTIFICADO
11043,1,NO APLICA
11044,1,HACER USO EXCESIVO DE LA FUERZA
11045,1,NO IDENTIFICADO
11046,1,NO APLICA
12001,1,NO APLICA
12002,1,NO APLICA
12003,1,NO APLICA
12004,1,NO APLICA
12005,1,NO APLICA
12006,1,NO APLICA
12007,1,NO APLICA
12008,1,NO APLICA
12009,1,NO APLICA
12010,1,NO APLICA
12011,1,NO APLICA
12012,1,NO APLICA
12013,1,NO APLICA
12014,1,NO APLICA
12015,1,NO APLICA
12016,1,NO APLICA
12017,1,NO APLICA
12018,1,NO APLICA
12019,1,NO APLICA
12020,1,NO APLICA
12021,1,NO APLICA
12022,1,NO APLICA
12023,1,NO APLICA
12024,1,NO APLICA
12025,1,NO APLICA
12026,1,NO APLICA
12027,1,NO APLICA
12028,1,CONSUMIR BEBIDAS EMBRIAGANTES U OTRAS SUSTANCIAS PROHIBIDAS EN LAS INTALACIONES DE SEGURIDAD PUBLICA
12028,2,FALTA INJUSTIFICADAMENTE A SUS LABORES POR TURNO
12028,3,RECIBIR O ACEPTAR DINERO O SOBORNOS
12028,4,ROBO
12028,5,DESOBEDECER UNA INSTRUCCION DIRECTA DEL SUPERIOR
12028,6,IMPUNTUALIDAD
12028,7,QUEDARSE DORMIDO EN HORARIO PREVISTO PARA DESCANZAR
12028,8,NO TENER PRECAUSION EN EL USO DEL ARMAMENTO
12028,9,ABANDONAR EL SERVICIO
12028,10,FALTAR AL BANDO DE POLICIA Y GOBIERNO REGLAMENTOS Y LEYES APLICABLES
12029,1,NO APLICA
12030,1,NO APLICA
12031,1,NO APLICA
12032,1,NO APLICA
12033,1,NO APLICA
12034,1,NO APLICA
12035,1,NO APLICA
12036,1,NO APLICA
12037,1,NO APLICA
12038,1,NO APLICA
12039,1,NO APLICA
12040,1,NO APLICA
12041,1,NO APLICA
12042,1,NO APLICA
12043,1,NO APLICA
12044,1,NO APLICA
12045,1,NO APLICA
12046,1,NO APLICA
12047,1,NO APLICA
12048,1,NO APLICA
12049,1,NO APLICA
12050,1,NO APLICA
12051,1,NO APLICA
12052,1,NO APLICA
12053,1,NO APLICA
12054,1,NO APLICA
12055,1,NO APLICA
12056,1,NO APLICA
12057,1,NO APLICA
12058,1,NO APLICA
12059,1,NO APLICA
12060,1,NO APLICA
12061,1,NO APLICA
12062,1,NO APLICA
12063,1,NO APLICA
12064,1,NO APLICA
12065,1,NO APLICA
12066,1,NO APLICA
12067,1,NO APLICA
12068,1,NO APLICA
12069,1,NO APLICA
12070,1,NO APLICA
12071,1,NO APLICA
12072,1,NO APLICA
12073,1,NO APLICA
12074,1,NO APLICA
12075,1,NO APLICA
12076,1,NO APLICA
12077,1,NO APLICA
12078,1,NO APLICA
12079,1,NO APLICA
12080,1,NO APLICA
12081,1,NO APLICA
12082,1,NO APLICA
12083,1,NO APLICA
12084,1,NO APLICA
12085,1,NO APLICA
13001,1,NO APLICA
13002,1,NO APLICA
13003,1,NO APLICA
13004,1,NO APLICA
13005,1,NO APLICA
13006,1,NO APLICA
13007,1,NO APLICA
13008,1,NO APLICA
13009,1,NO APLICA
13010,1,NO APLICA
13011,1,NO APLICA
13012,1,NO APLICA
13013,1,NO APLICA
13014,1,NO APLICA
13015,1,NO APLICA
13016,1,NO APLICA
13017,1,NO APLICA
13018,1,NO APLICA
13019,1,NO APLICA
13020,1,NO APLICA
13021,1,NO APLICA
13022,1,NO APLICA
13023,1,NO APLICA
13024,1,NO APLICA
13025,1,NO APLICA
13026,1,NO APLICA
13027,1,NO APLICA
13028,1,NO APLICA
13029,1,NO APLICA
13030,1,NO APLICA
13031,1,NO APLICA
13032,1,NO APLICA
13033,1,NO APLICA
13034,1,NO APLICA
13035,1,NO APLICA
13036,1,NO APLICA
13037,1,NO APLICA
13038,1,NO APLICA
13039,1,NO APLICA
13040,1,NO APLICA
13041,1,NO APLICA
13042,1,NO APLICA
13043,1,NO APLICA
13044,1,NO APLICA
13045,1,NO APLICA
13046,1,NO APLICA
13047,1,NO APLICA
13048,1,NO APLICA
13049,1,NO APLICA
13050,1,NO APLICA
13051,1,NO APLICA
13052,1,NO APLICA
13053,1,NO APLICA
13054,1,NO APLICA
13055,1,NO APLICA
13056,1,NO APLICA
13057,1,NO APLICA
13058,1,NO APLICA
13059,1,NO APLICA
13060,1,NO APLICA
13061,1,NO APLICA
13062,1,NO APLICA
13063,1,NO APLICA
13064,1,NO APLICA
13065,1,NO APLICA
13066,1,NO APLICA
13067,1,NO APLICA
13068,1,NO APLICA
13069,1,NO APLICA
13070,1,NO APLICA
13071,1,NO APLICA
13072,1,NO APLICA
13073,1,NO APLICA
13074,1,NO APLICA
13075,1,NO APLICA
13076,1,NO APLICA
13077,1,NO APLICA
13078,1,NO APLICA
13079,1,NO APLICA
13080,1,NO APLICA
13081,1,NO APLICA
13082,1,NO APLICA
13083,1,NO APLICA
13084,1,NO APLICA
14001,1,NO APLICA
14002,1,NO APLICA
14003,1,NO APLICA
14004,1,NO APLICA
14005,1,NO APLICA
14006,1,NO APLICA
14007,1,NO APLICA
14008,1,NO APLICA
14009,1,NO APLICA
14010,1,NO APLICA
14011,1,NO APLICA
14012,1,NO APLICA
14013,1,NO APLICA
14014,1,NO APLICA
14015,1,NO APLICA
14016,1,NO IDENTIFICADO
14017,1,NO APLICA
14018,1,NO APLICA
14019,1,NO APLICA
14020,1,NO APLICA
14021,1,NO APLICA
14022,1,NO APLICA
14023,1,NO APLICA
14024,1,NO APLICA
14025,1,NO APLICA
14026,1,NO APLICA
14027,1,NO APLICA
14028,1,NO APLICA
14029,1,NO APLICA
14030,1,NO APLICA
14031,1,NO APLICA
14032,1,NO APLICA
14033,1,NO APLICA
14034,1,NO APLICA
14035,1,NO APLICA
14036,1,NO APLICA
14037,1,NO APLICA
14038,1,NO APLICA
14039,1,NO APLICA
14040,1,NO APLICA
14041,1,NO APLICA
14042,1,NO APLICA
14043,1,NO APLICA
14044,1,NO IDENTIFICADO
14045,1,NO APLICA
14046,1,NO APLICA
14047,1,NO APLICA
14048,1,NO APLICA
14049,1,NO APLICA
14050,1,NO APLICA
14051,1,NO APLICA
14052,1,NO APLICA
14053,1,NO APLICA
14054,1,NO APLICA
14055,1,NO APLICA
14056,1,NO APLICA
14057,1,NO APLICA
14058,1,NO APLICA
14059,1,NO APLICA
14060,1,NO APLICA
14061,1,NO APLICA
14062,1,NO APLICA
14063,1,NO APLICA
14064,1,NO APLICA
14065,1,NO DAR UN BUEN TRATO A LAS PERSONAS EN GENERAL
14065,2,FALTAR A SU LABORES EN SU TURNO
14066,1,NO APLICA
14067,1,NO APLICA
14068,1,NO APLICA
14069,1,NO APLICA
14070,1,NO APLICA
14071,1,NO APLICA
14072,1,NO APLICA
14073,1,NO APLICA
14074,1,NO APLICA
14075,1,NO APLICA
14076,1,NO APLICA
14077,1,NO APLICA
14078,1,NO IDENTIFICADO
14079,1,NO APLICA
14080,1,NO APLICA
14081,1,NO APLICA
14082,1,NO APLICA
14083,1,NO APLICA
14084,1,NO APLICA
14085,1,NO APLICA
14086,1,NO APLICA
14087,1,NO APLICA
14088,1,NO APLICA
14089,1,NO APLICA
14090,1,NO APLICA
14091,1,NO APLICA
14092,1,NO APLICA
14093,1,NO APLICA
14094,1,NO APLICA
14095,1,NO APLICA
14096,1,NO APLICA
14097,1,NO APLICA
14098,1,NO APLICA
14099,1,NO APLICA
14100,1,NO APLICA
14101,1,NO APLICA
14102,1,NO APLICA
14103,1,NO APLICA
14104,1,NO APLICA
14105,1,NO APLICA
14106,1,NO APLICA
14107,1,NO APLICA
14108,1,NO APLICA
14109,1,NO APLICA
14110,1,NO APLICA
14111,1,NO APLICA
14112,1,NO APLICA
14113,1,NO APLICA
14114,1,NO APLICA
14115,1,NO APLICA
14116,1,NO APLICA
14117,1,FALTAR A TRABAJAR SIN JUSTIFICACION U AUTORIZACION
14117,2,DESOBEDECER UN MANDATO O UNA ORDEN
14117,3,INSULTAR A UN COMPAÑERO DE TRABAJO
14117,4,LLLERGAR TARDE A TRABAJAR
14117,5,LLEGAR AL TRABAJO NO PRESENTABLE
14117,6,FALTAR AL RESPETO A LOS CIUDADANOS
14117,7,USAR EL UNIFIRME FUERA DE HORAS DE SERVICIO
14117,8,QUEJAS CIUDADANAS
14117,9,NO REVISAR EL EQUIPO DE TRABAJO PERIODICAMENTE
14117,10,LLEGAR AL TRABAJO CON ALIENTO ALCOHOLICO
14118,1,NO APLICA
14119,1,NO APLICA
14120,1,NO APLICA
14121,1,NO APLICA
14122,1,NO APLICA
14123,1,NO APLICA
14124,1,NO APLICA
14125,1,NO APLICA
15001,1,INCUMPLIMIENTO DE OBLIGACIONES
15002,1,NO APLICA
15003,1,NO APLICA
15004,1,NO APLICA
15005,1,NO APLICA
15006,1,NO APLICA
15007,1,NO APLICA
15008,1,NO APLICA
15009,1,NO APLICA
15010,1,NO APLICA
15011,1,NO APLICA
15012,1,NO APLICA
15013,1,NO APLICA
15014,1,NO APLICA
15015,1,NO APLICA
15016,1,NO APLICA
15017,1,NO APLICA
15018,1,NO APLICA
15019,1,NO APLICA
15020,1,NO APLICA
15021,1,NO APLICA
15022,1,NO APLICA
15023,1,NO APLICA
15024,1,EVALUACIONES DE CONTROL DE CONFIANZA
15024,2,FALTAS A LABORES
15024,3,DENUNCIAS DE LOS CIUDADANOS
15025,1,NO APLICA
15026,1,NO APLICA
15027,1,NO APLICA
15028,1,NO APLICA
15029,1,NO APLICA
15030,1,NO APLICA
15031,1,NO APLICA
15032,1,NO APLICA
15033,1,NO APLICA
15034,1,NO APLICA
15035,1,NO APLICA
15036,1,NO APLICA
15037,1,NO APLICA
15038,1,NO APLICA
15039,1,NO APLICA
15040,1,NO APLICA
15041,1,NO APLICA
15042,1,NO APLICA
15043,1,NO APLICA
15044,1,NO APLICA
15045,1,NO APLICA
15046,1,NO APLICA
15047,1,NO APLICA
15048,1,NO APLICA
15049,1,NO APLICA
15050,1,AUSENCIA LABORAL SIN JUSTIFICAR
15050,2,ACTOS DE INDISCIPLINA
15051,1,NO APLICA
15052,1,NO APLICA
15053,1,INCUMPLIMIENTO DE OBLIGACIONES GENERALES
15053,2,INCUMPLIMIENTO DE REQUISITOS DE PERMANENCIA
15053,3,FALTAS AL REGIMEN DISCIPLINARIO
15054,1,NO APLICA
15055,1,NO APLICA
15056,1,NO APLICA
15057,1,NO APLICA
15058,1,NO REALIZAR SUS FUNCIONES (NO UNIFORMARSE ADECUADAMENTE SALIRSE DE SU ZONA DE RESPONSABILIDAD NO INFORMAR EN TIEMPO Y FORMA NO UTILIZAR CODIGOS ENCENDIDOS)
15058,2,REALIZAR ACTOS QUE DESACREDITEN SU IMAGEN Y LA IMAGEN DE LA COORPORACION
15058,3,POR PERJUDICAR LA OPERATIVIDAD EN EL SERVICIO
15058,4,DORMIR EN HORARIO DE SERVICIO
15058,5,POR ABANDONAR MOMENTANEAMENTE SU ZONA DE RESPONSABILIDAD SIN MOTIVO QUE LO JUSTIFIQUE
15058,6,PERMANECER POR MAS DE CINCO MINUTOS ESTACIONADA LA PATRULLA SIN MOTIVO QUE LO JUSTIFIQUE
15058,7,NO PORTAR ADECUADAMENTE SU ARMA DE CARGO
15058,8,POR NO PORTAR LICENCIA DE CONDUCIR VIGENTE
15058,9,NO DAR CUMPLIMEINTO A UNA ORDEN GIRADA POR SUS MANDOS
15058,10,HACER MAL USO DE LOS BIENES INSTITUCIONALES
15059,1,NO APLICA
15060,1,NO APLICA
15061,1,NO APLICA
15062,1,NO APLICA
15063,1,NO APLICA
15064,1,NO APLICA
15065,1,NO APLICA
15066,1,NO APLICA
15067,1,NO APLICA
15068,1,NO APLICA
15069,1,NO APLICA
15070,1,OMISION DE SERVICIOS YO FUNCIONES
15070,2,COHECHO
15070,3,ABUSO DE AUTORIDAD
15070,4,OMISION AL PRINCIPIO DE PERMANENCIA
15071,1,NO APLICA
15072,1,NO APLICA
15073,1,NO APLICA
15074,1,NO APLICA
15075,1,NO APLICA
15076,1,NO APLICA
15077,1,NO APLICA
15078,1,NO APLICA
15079,1,NO APLICA
15080,1,NO APLICA
15081,1,NO APLICA
15082,1,NO APLICA
15083,1,NO APLICA
15084,1,NO APLICA
15085,1,NO APLICA
15086,1,NO APLICA
15087,1,NO APLICA
15088,1,NO APLICA
15089,1,NO APLICA
15090,1,NO APLICA
15091,1,NO APLICA
15092,1,NO APLICA
15093,1,NO APLICA
15094,1,NO APLICA
15095,1,NO APLICA
15096,1,NO APLICA
15097,1,NO APLICA
15098,1,FALTAS INJUSTIFICADAS
15098,2,INDISCIPLINA DURANTE EL SERVICIO
15098,3,OMISION A SUS FUNCIONES
15099,1,FALTA A SU SERVICIO
15099,2,INGERIR BEBIDAS ALCOHOLICAS EN SERVICIO
15099,3,VIOLENCIA LABORAL
15099,4,NO CUMPLIR CON REQUISITOS DE PERMANENCIA
15099,5,USO INDEBIDO DE EQUIPO POLICIAL
15100,1,NO APLICA
15101,1,NO APLICA
15102,1,NO APLICA
15103,1,NO APLICA
15104,1,INCUMPLIR EL HORARIO DE TRABAJO
15104,2,AUSENCIAS INJUSTIFICADAS
15104,3,ABUSO DE AUTORIDAD
15104,4,SUPLANTACIO DE FUNCIONES
15104,5,ENBRIAGUEZ EN EL TRABAJO
15105,1,NO APLICA
15106,1,NO APLICA
15107,1,NO IDENTIFICADO
15108,1,NO APLICA
15109,1,NO APLICA
15110,1,NO APLICA
15111,1,NO APLICA
15112,1,NO APLICA
15113,1,NO IDENTIFICADO
15114,1,NO APLICA
15115,1,NO APLICA
15116,1,NO APLICA
15117,1,NO APLICA
15118,1,NO APLICA
15119,1,NO APLICA
15120,1,NO APLICA
15121,1,NO APLICA
15122,1,NO APLICA
15123,1,NO APLICA
15124,1,NO APLICA
15125,1,NO APLICA
16001,1,NO APLICA
16002,1,NO APLICA
16003,1,NO APLICA
16004,1,NO APLICA
16005,1,NO APLICA
16006,1,NO APLICA
16007,1,NO APLICA
16008,1,NO APLICA
16009,1,NO APLICA
16010,1,NO APLICA
16011,1,NO APLICA
16012,1,NO APLICA
16013,1,NO APLICA
16014,1,NO APLICA
16015,1,NO APLICA
16016,1,NO APLICA
16017,1,NO APLICA
16018,1,NO APLICA
16019,1,NO APLICA
16020,1,NO APLICA
16021,1,NO APLICA
16022,1,NO APLICA
16023,1,NO APLICA
16024,1,NO APLICA
16025,1,NO APLICA
16026,1,NO APLICA
16027,1,NO APLICA
16028,1,NO APLICA
16029,1,NO APLICA
16030,1,NO APLICA
16031,1,NO APLICA
16032,1,NO APLICA
16033,1,NO APLICA
16034,1,NO APLICA
16035,1,NO APLICA
16036,1,NO APLICA
16037,1,NO APLICA
16038,1,NO APLICA
16039,1,NO APLICA
16040,1,NO IDENTIFICADO
16041,1,NO APLICA
16042,1,NO APLICA
16043,1,NO APLICA
16044,1,NO APLICA
16045,1,NO APLICA
16046,1,NO APLICA
16047,1,NO APLICA
16048,1,NO APLICA
16049,1,NO APLICA
16050,1,NO APLICA
16051,1,NO DISPONIBLE
16052,1,NO APLICA
16053,1,NO APLICA
16054,1,NO APLICA
16055,1,NO APLICA
16056,1,NO APLICA
16057,1,NO APLICA
16058,1,NO APLICA
16059,1,NO APLICA
16060,1,NO APLICA
16061,1,NO APLICA
16062,1,NO APLICA
16063,1,NO APLICA
16064,1,NO APLICA
16065,1,NO APLICA
16066,1,NO APLICA
16067,1,NO APLICA
16068,1,NO APLICA
16069,1,NO APLICA
16070,1,NO APLICA
16071,1,NO APLICA
16072,1,NO IDENTIFICADO
16073,1,NO APLICA
16074,1,NO APLICA
16075,1,NO APLICA
16076,1,NO APLICA
16077,1,NO APLICA
16078,1,NO APLICA
16079,1,NO APLICA
16080,1,NO APLICA
16081,1,NO APLICA
16082,1,NO APLICA
16083,1,NO APLICA
16084,1,NO APLICA
16085,1,NO APLICA
16086,1,NO APLICA
16087,1,NO APLICA
16088,1,NO APLICA
16089,1,NO APLICA
16090,1,NO APLICA
16091,1,NO APLICA
16092,1,NO APLICA
16093,1,NO APLICA
16094,1,NO APLICA
16095,1,NO APLICA
16096,1,NO APLICA
16097,1,NO APLICA
16098,1,NO APLICA
16099,1,NO APLICA
16100,1,NO APLICA
16101,1,NO APLICA
16102,1,NO APLICA
16103,1,NO APLICA
16104,1,NO APLICA
16105,1,NO APLICA
16106,1,NO APLICA
16107,1,NO APLICA
16108,1,NO APLICA
16109,1,NO APLICA
16110,1,NO APLICA
16111,1,NO APLICA
16112,1,NO APLICA
16113,1,NO APLICA
17001,1,NO APLICA
17002,1,NO APLICA
17003,1,NO APLICA
17004,1,NO APLICA
17005,1,NO IDENTIFICADO
17006,1,NO APLICA
17007,1,NO APLICA
17008,1,NO APLICA
17009,1,NO APLICA
17010,1,NO APLICA
17011,1,NO APLICA
17012,1,NO IDENTIFICADO
17013,1,NO APLICA
17014,1,NO APLICA
17015,1,NO APLICA
17016,1,NO APLICA
17017,1,NO APLICA
17018,1,NO APLICA
17019,1,NO APLICA
17020,1,NO APLICA
17021,1,NO APLICA
17022,1,NO APLICA
17023,1,FALTAS INJUSTIFICADAS
17023,2,RETARDOS
17023,3,DORMIR EN HORAS LABORALES
17023,4,NO CONTESTAR EL RADIO
17024,1,NO APLICA
17025,1,FALTAS INJUSTIFICADAS
17025,2,QUEJAS CIUDADANAS SOBRE SOBRE ROBO DE PERTENENCIAS
17025,3,FALTAS SOBRE ABUSO DE AUTORIDAD
17026,1,NO APLICA
17027,1,NO APLICA
17028,1,NO APLICA
17029,1,NO APLICA
17030,1,NO APLICA
17031,1,NO APLICA
17032,1,NO IDENTIFICADO
17033,1,NO IDENTIFICADO
17034,1,NO APLICA
17035,1,NO APLICA
17036,1,NO APLICA
18001,1,NO APLICA
18002,1,NO APLICA
18003,1,NO APLICA
18004,1,NO APLICA
18005,1,NO APLICA
18006,1,NO APLICA
18007,1,NO APLICA
18008,1,NO APLICA
18009,1,NO APLICA
18010,1,NO APLICA
18011,1,NO APLICA
18012,1,NO APLICA
18013,1,NO APLICA
18014,1,NO APLICA
18015,1,NO APLICA
18016,1,NO APLICA
18017,1,NO APLICA
18018,1,NO APLICA
18019,1,NO APLICA
18020,1,NO APLICA
19001,1,NO APLICA
19002,1,NO APLICA
19003,1,NO APLICA
19004,1,NO APLICA
19005,1,NO APLICA
19006,1,NO APLICA
19007,1,NO IDENTIFICADO
19008,1,NO APLICA
19009,1,NO APLICA
19010,1,NO APLICA
19011,1,NO APLICA
19012,1,NO APLICA
19013,1,NO APLICA
19014,1,NO APLICA
19015,1,NO APLICA
19016,1,NO APLICA
19017,1,NO APLICA
19018,1,NO APLICA
19019,1,NO APLICA
19020,1,NO APLICA
19021,1,NO APLICA
19022,1,NO APLICA
19023,1,NO APLICA
19024,1,NO APLICA
19025,1,NO APLICA
19026,1,NO APLICA
19027,1,NO APLICA
19028,1,NO IDENTIFICADO
19029,1,NO IDENTIFICADO
19030,1,NO APLICA
19031,1,NO APLICA
19032,1,NO APLICA
19033,1,NO APLICA
19034,1,NO APLICA
19035,1,NO APLICA
19036,1,NO IDENTIFICADO
19037,1,NO APLICA
19038,1,NO APLICA
19039,1,NO APLICA
19040,1,NO APLICA
19041,1,NO APLICA
19042,1,NO APLICA
19043,1,NO APLICA
19044,1,NO APLICA
19045,1,NO APLICA
19046,1,NO APLICA
19047,1,NO APLICA
19048,1,NO APLICA
19049,1,FALTAR AL SERVICIO
19049,2,NO AVISAR A UN SUPERIOR UNA INCIDENCIA
19049,3,NO ACATAR INDICACION DE SUPERIOR
19050,1,NO APLICA
19051,1,NO APLICA
20001,1,NO APLICA
20002,1,NO APLICA
20003,1,NO APLICA
20004,1,NO APLICA
20005,1,NO APLICA
20006,1,NO APLICA
20007,1,NO APLICA
20008,1,NO APLICA
20009,1,NO APLICA
20010,1,NO APLICA
20011,1,NO APLICA
20012,1,NO APLICA
20013,1,NO APLICA
20014,1,NO APLICA
20015,1,NO APLICA
20016,1,NO APLICA
20017,1,NO APLICA
20018,1,NO APLICA
20019,1,NO APLICA
20020,1,NO APLICA
20021,1,NO APLICA
20022,1,NO APLICA
20023,1,NO APLICA
20024,1,NO APLICA
20025,1,NO APLICA
20026,1,NO APLICA
20027,1,NO APLICA
20028,1,NO APLICA
20029,1,NO APLICA
20030,1,NO APLICA
20031,1,NO APLICA
20032,1,NO APLICA
20033,1,NO APLICA
20034,1,NO APLICA
20035,1,NO APLICA
20036,1,NO APLICA
20037,1,NO APLICA
20038,1,NO APLICA
20039,1,NO IDENTIFICADO
20040,1,NO APLICA
20041,1,NO APLICA
20042,1,NO APLICA
20043,1,NO APLICA
20044,1,NO APLICA
20045,1,NO APLICA
20046,1,NO APLICA
20047,1,NO APLICA
20048,1,NO APLICA
20049,1,NO APLICA
20050,1,NO APLICA
20051,1,NO APLICA
20052,1,NO APLICA
20053,1,NO APLICA
20054,1,NO APLICA
20055,1,NO APLICA
20056,1,NO APLICA
20057,1,NO APLICA
20058,1,NO APLICA
20059,1,NO APLICA
20060,1,NO APLICA
20061,1,NO APLICA
20062,1,NO APLICA
20063,1,NO APLICA
20064,1,NO APLICA
20065,1,NO APLICA
20066,1,NO APLICA
20067,1,NO APLICA
20068,1,NO APLICA
20069,1,NO APLICA
20070,1,NO APLICA
20071,1,NO APLICA
20072,1,NO APLICA
20073,1,NO APLICA
20074,1,NO APLICA
20075,1,NO APLICA
20076,1,NO APLICA
20077,1,NO APLICA
20078,1,NO APLICA
20079,1,NO APLICA
20080,1,NO APLICA
20081,1,NO APLICA
20082,1,NO APLICA
20083,1,NO APLICA
20084,1,NO APLICA
20085,1,NO APLICA
20086,1,NO APLICA
20087,1,NO APLICA
20088,1,NO APLICA
20089,1,NO APLICA
20090,1,NO APLICA
20091,1,NO APLICA
20092,1,NO APLICA
20093,1,NO APLICA
20094,1,NO APLICA
20095,1,NO APLICA
20096,1,NO APLICA
20097,1,NO APLICA
20098,1,NO APLICA
20099,1,NO APLICA
20100,1,NO APLICA
20101,1,NO APLICA
20102,1,NO APLICA
20103,1,NO APLICA
20104,1,NO APLICA
20105,1,NO APLICA
20106,1,NO APLICA
20107,1,NO APLICA
20108,1,NO APLICA
20109,1,NO APLICA
20110,1,NO APLICA
20111,1,NO APLICA
20112,1,NO APLICA
20113,1,NO APLICA
20114,1,NO APLICA
20115,1,NO APLICA
20116,1,NO APLICA
20117,1,NO APLICA
20118,1,NO APLICA
20119,1,NO APLICA
20120,1,NO APLICA
20121,1,NO APLICA
20122,1,NO APLICA
20123,1,NO APLICA
20124,1,NO APLICA
20125,1,NO APLICA
20126,1,NO APLICA
20127,1,NO APLICA
20128,1,NO APLICA
20129,1,NO APLICA
20130,1,NO APLICA
20131,1,NO APLICA
20132,1,NO APLICA
20133,1,NO APLICA
20134,1,NO APLICA
20135,1,NO APLICA
20136,1,NO APLICA
20137,1,NO APLICA
20138,1,NO APLICA
20139,1,NO APLICA
20140,1,NO APLICA
20141,1,NO APLICA
20142,1,NO APLICA
20143,1,NO APLICA
20144,1,NO APLICA
20145,1,NO APLICA
20146,1,NO APLICA
20147,1,NO APLICA
20148,1,NO APLICA
20149,1,NO APLICA
20150,1,NO APLICA
20151,1,NO APLICA
20152,1,NO APLICA
20153,1,NO APLICA
20154,1,NO APLICA
20155,1,NO APLICA
20156,1,NO APLICA
20157,1,NO APLICA
20158,1,NO APLICA
20159,1,NO APLICA
20160,1,NO APLICA
20161,1,NO APLICA
20162,1,NO APLICA
20163,1,NO APLICA
20164,1,NO APLICA
20165,1,NO APLICA
20166,1,NO APLICA
20167,1,NO APLICA
20168,1,NO APLICA
20169,1,NO APLICA
20170,1,NO APLICA
20171,1,NO APLICA
20172,1,NO APLICA
20173,1,NO APLICA
20174,1,NO APLICA
20175,1,NO APLICA
20176,1,NO APLICA
20177,1,NO APLICA
20178,1,NO APLICA
20179,1,NO APLICA
20180,1,NO APLICA
20181,1,NO APLICA
20182,1,NO APLICA
20183,1,NO APLICA
20184,1,NO APLICA
20185,1,NO APLICA
20186,1,NO APLICA
20187,1,NO APLICA
20188,1,NO APLICA
20189,1,NO APLICA
20190,1,NO APLICA
20191,1,NO APLICA
20192,1,NO APLICA
20193,1,NO APLICA
20194,1,NO APLICA
20195,1,NO APLICA
20196,1,NO APLICA
20197,1,NO APLICA
20198,1,NO APLICA
20199,1,NO APLICA
20200,1,NO APLICA
20201,1,NO APLICA
20202,1,NO APLICA
20203,1,NO APLICA
20204,1,NO APLICA
20205,1,NO APLICA
20206,1,NO APLICA
20207,1,NO APLICA
20208,1,NO APLICA
20209,1,NO APLICA
20210,1,NO APLICA
20211,1,NO APLICA
20212,1,NO APLICA
20213,1,NO APLICA
20214,1,NO APLICA
20215,1,NO APLICA
20216,1,NO APLICA
20217,1,NO APLICA
20218,1,NO APLICA
20219,1,NO APLICA
20220,1,NO APLICA
20221,1,NO APLICA
20222,1,NO APLICA
20223,1,NO APLICA
20224,1,NO APLICA
20225,1,NO APLICA
20226,1,NO APLICA
20227,1,NO APLICA
20228,1,NO APLICA
20229,1,NO APLICA
20230,1,NO APLICA
20231,1,NO APLICA
20232,1,NO APLICA
20233,1,NO APLICA
20234,1,NO APLICA
20235,1,NO APLICA
20236,1,NO APLICA
20237,1,NO IDENTIFICADO
20238,1,NO APLICA
20239,1,NO APLICA
20240,1,NO APLICA
20241,1,NO APLICA
20242,1,NO APLICA
20243,1,NO APLICA
20244,1,NO APLICA
20245,1,NO APLICA
20246,1,NO APLICA
20247,1,NO APLICA
20248,1,NO APLICA
20249,1,NO APLICA
20250,1,NO APLICA
20251,1,NO APLICA
20252,1,NO APLICA
20253,1,NO APLICA
20254,1,NO APLICA
20255,1,NO APLICA
20256,1,NO APLICA
20257,1,NO APLICA
20258,1,NO APLICA
20259,1,NO APLICA
20260,1,NO APLICA
20261,1,NO APLICA
20262,1,NO APLICA
20263,1,NO APLICA
20264,1,NO APLICA
20265,1,NO APLICA
20266,1,NO APLICA
20267,1,NO APLICA
20268,1,NO APLICA
20269,1,NO APLICA
20270,1,NO APLICA
20271,1,NO APLICA
20272,1,NO APLICA
20273,1,NO APLICA
20274,1,NO APLICA
20275,1,NO APLICA
20276,1,NO APLICA
20277,1,NO APLICA
20278,1,NO APLICA
20279,1,NO APLICA
20280,1,NO APLICA
20281,1,NO APLICA
20282,1,NO APLICA
20283,1,NO APLICA
20284,1,NO APLICA
20285,1,NO APLICA
20286,1,NO APLICA
20287,1,NO APLICA
20288,1,NO APLICA
20289,1,NO APLICA
20290,1,NO APLICA
20291,1,NO APLICA
20292,1,NO APLICA
20293,1,NO APLICA
20294,1,NO APLICA
20295,1,NO APLICA
20296,1,NO APLICA
20297,1,NO APLICA
20298,1,NO APLICA
20299,1,NO APLICA
20300,1,NO APLICA
20301,1,NO APLICA
20302,1,NO APLICA
20303,1,NO APLICA
20304,1,NO APLICA
20305,1,NO APLICA
20306,1,NO APLICA
20307,1,NO APLICA
20308,1,NO APLICA
20309,1,NO APLICA
20310,1,NO APLICA
20311,1,NO APLICA
20312,1,NO APLICA
20313,1,NO APLICA
20314,1,NO APLICA
20315,1,NO IDENTIFICADO
20316,1,NO APLICA
20317,1,NO APLICA
20318,1,ARRESTOS
20318,2,AMONESTACIONES ESCRITAS
20319,1,NO APLICA
20320,1,NO APLICA
20321,1,NO APLICA
20322,1,NO APLICA
20323,1,NO APLICA
20324,1,NO APLICA
20325,1,NO APLICA
20326,1,NO APLICA
20327,1,NO APLICA
20328,1,NO APLICA
20329,1,NO APLICA
20330,1,NO APLICA
20331,1,NO APLICA
20332,1,NO APLICA
20333,1,NO APLICA
20334,1,NO APLICA
20335,1,NO APLICA
20336,1,NO APLICA
20337,1,NO APLICA
20338,1,NO APLICA
20339,1,NO APLICA
20340,1,NO APLICA
20341,1,NO APLICA
20342,1,NO APLICA
20343,1,NO APLICA
20344,1,NO APLICA
20345,1,NO APLICA
20346,1,NO APLICA
20347,1,NO APLICA
20348,1,NO APLICA
20349,1,NO APLICA
20350,1,NO APLICA
20351,1,NO APLICA
20352,1,NO APLICA
20353,1,NO APLICA
20354,1,NO APLICA
20355,1,NO APLICA
20356,1,NO APLICA
20357,1,NO APLICA
20358,1,NO APLICA
20359,1,NO APLICA
20360,1,NO APLICA
20361,1,NO APLICA
20362,1,NO APLICA
20363,1,NO APLICA
20364,1,NO APLICA
20365,1,NO APLICA
20366,1,NO APLICA
20367,1,NO APLICA
20368,1,NO APLICA
20369,1,NO APLICA
20370,1,NO APLICA
20371,1,NO APLICA
20372,1,NO APLICA
20373,1,NO APLICA
20374,1,NO APLICA
20375,1,NO APLICA
20376,1,NO APLICA
20377,1,NO APLICA
20378,1,NO APLICA
20379,1,NO APLICA
20380,1,NO APLICA
20381,1,NO APLICA
20382,1,NO APLICA
20383,1,NO APLICA
20384,1,NO APLICA
20385,1,NO APLICA
20386,1,NO APLICA
20387,1,NO APLICA
20388,1,NO APLICA
20389,1,NO APLICA
20390,1,NO APLICA
20391,1,NO APLICA
20392,1,NO APLICA
20393,1,NO APLICA
20394,1,NO APLICA
20395,1,NO APLICA
20396,1,NO APLICA
20397,1,NO APLICA
20398,1,NO APLICA
20399,1,NO APLICA
20400,1,NO APLICA
20401,1,NO IDENTIFICADO
20402,1,NO APLICA
20403,1,NO APLICA
20404,1,NO APLICA
20405,1,NO APLICA
20406,1,NO APLICA
20407,1,NO APLICA
20408,1,NO APLICA
20409,1,NO APLICA
20410,1,NO APLICA
20411,1,NO APLICA
20412,1,NO APLICA
20413,1,NO APLICA
20414,1,NO APLICA
20415,1,NO APLICA
20416,1,NO APLICA
20417,1,NO APLICA
20418,1,NO APLICA
20419,1,NO APLICA
20420,1,NO APLICA
20421,1,NO APLICA
20422,1,NO APLICA
20423,1,NO APLICA
20424,1,NO APLICA
20425,1,NO APLICA
20426,1,NO APLICA
20427,1,NO APLICA
20428,1,NO APLICA
20429,1,NO APLICA
20430,1,NO APLICA
20431,1,NO APLICA
20432,1,NO APLICA
20433,1,NO APLICA
20434,1,NO APLICA
20435,1,NO APLICA
20436,1,NO APLICA
20437,1,NO APLICA
20438,1,NO APLICA
20439,1,NO APLICA
20440,1,NO APLICA
20441,1,NO APLICA
20442,1,NO APLICA
20443,1,NO APLICA
20444,1,NO APLICA
20445,1,NO APLICA
20446,1,NO APLICA
20447,1,NO APLICA
20448,1,NO APLICA
20449,1,NO APLICA
20450,1,NO APLICA
20451,1,NO APLICA
20452,1,NO APLICA
20453,1,NO APLICA
20454,1,NO APLICA
20455,1,NO APLICA
20456,1,NO APLICA
20457,1,NO APLICA
20458,1,NO APLICA
20459,1,NO APLICA
20460,1,NO APLICA
20461,1,NO APLICA
20462,1,NO APLICA
20463,1,NO APLICA
20464,1,NO APLICA
20465,1,NO APLICA
20466,1,NO APLICA
20467,1,NO APLICA
20468,1,NO APLICA
20469,1,NO APLICA
20470,1,NO APLICA
20471,1,NO APLICA
20472,1,NO APLICA
20473,1,NO APLICA
20474,1,NO APLICA
20475,1,NO APLICA
20476,1,NO APLICA
20477,1,NO APLICA
20478,1,NO APLICA
20479,1,NO APLICA
20480,1,NO APLICA
20481,1,NO APLICA
20482,1,NO APLICA
20483,1,NO APLICA
20484,1,NO APLICA
20485,1,NO APLICA
20486,1,NO APLICA
20487,1,NO APLICA
20488,1,NO APLICA
20489,1,NO APLICA
20490,1,NO APLICA
20491,1,NO APLICA
20492,1,NO APLICA
20493,1,NO APLICA
20494,1,NO APLICA
20495,1,NO IDENTIFICADO
20496,1,NO APLICA
20497,1,NO APLICA
20498,1,NO APLICA
20499,1,NO APLICA
20500,1,NO APLICA
20501,1,NO APLICA
20502,1,NO APLICA
20503,1,NO APLICA
20504,1,NO APLICA
20505,1,NO APLICA
20506,1,NO APLICA
20507,1,NO APLICA
20508,1,NO APLICA
20509,1,NO APLICA
20510,1,NO APLICA
20511,1,NO APLICA
20512,1,NO APLICA
20513,1,NO APLICA
20514,1,NO APLICA
20515,1,NO APLICA
20516,1,NO APLICA
20517,1,NO APLICA
20518,1,NO APLICA
20519,1,NO APLICA
20520,1,NO APLICA
20521,1,NO APLICA
20522,1,NO APLICA
20523,1,NO APLICA
20524,1,NO APLICA
20525,1,NO APLICA
20526,1,NO APLICA
20527,1,NO APLICA
20528,1,NO APLICA
20529,1,NO APLICA
20530,1,NO APLICA
20531,1,NO APLICA
20532,1,NO APLICA
20533,1,NO APLICA
20534,1,NO APLICA
20535,1,NO APLICA
20536,1,NO APLICA
20537,1,NO APLICA
20538,1,NO APLICA
20539,1,NO APLICA
20540,1,NO APLICA
20541,1,NO APLICA
20542,1,NO APLICA
20543,1,NO APLICA
20544,1,NO APLICA
20545,1,NO APLICA
20546,1,NO APLICA
20547,1,NO APLICA
20548,1,NO APLICA
20549,1,NO APLICA
20550,1,NO APLICA
20551,1,NO APLICA
20552,1,NO APLICA
20553,1,NO APLICA
20554,1,NO APLICA
20555,1,NO APLICA
20556,1,NO APLICA
20557,1,NO APLICA
20558,1,NO APLICA
20559,1,NO APLICA
20560,1,NO APLICA
20561,1,NO APLICA
20562,1,NO APLICA
20563,1,NO APLICA
20564,1,NO APLICA
20565,1,NO APLICA
20566,1,NO APLICA
20567,1,NO APLICA
20568,1,NO IDENTIFICADO
20569,1,NO APLICA
20570,1,NO APLICA
21001,1,NO APLICA
21002,1,NO APLICA
21003,1,NO APLICA
21004,1,NO APLICA
21005,1,NO APLICA
21006,1,NO APLICA
21007,1,NO APLICA
21008,1,NO APLICA
21009,1,NO APLICA
21010,1,NO APLICA
21011,1,NO APLICA
21012,1,NO APLICA
21013,1,NO APLICA
21014,1,NO APLICA
21015,1,NO APLICA
21016,1,NO APLICA
21017,1,NO APLICA
21018,1,NO APLICA
21019,1,NO APLICA
21020,1,NO APLICA
21021,1,NO APLICA
21022,1,NO APLICA
21023,1,NO APLICA
21024,1,NO APLICA
21025,1,NO APLICA
21026,1,NO APLICA
21027,1,NO APLICA
21028,1,NO APLICA
21029,1,NO APLICA
21030,1,NO APLICA
21031,1,NO APLICA
21032,1,NO APLICA
21033,1,NO APLICA
21034,1,NO APLICA
21035,1,NO APLICA
21036,1,NO APLICA
21037,1,NO APLICA
21038,1,NO APLICA
21039,1,NO APLICA
21040,1,NO APLICA
21041,1,NO APLICA
21042,1,NO APLICA
21043,1,NO APLICA
21044,1,NO APLICA
21045,1,NO APLICA
21046,1,NO APLICA
21047,1,NO APLICA
21048,1,NO APLICA
21049,1,NO APLICA
21050,1,NO APLICA
21051,1,NO APLICA
21052,1,NO APLICA
21053,1,NO APLICA
21054,1,NO APLICA
21055,1,NO APLICA
21056,1,NO APLICA
21057,1,NO APLICA
21058,1,NO APLICA
21059,1,NO APLICA
21060,1,NO APLICA
21061,1,NO APLICA
21062,1,NO APLICA
21063,1,NO APLICA
21064,1,NO APLICA
21065,1,NO APLICA
21066,1,NO APLICA
21067,1,NO APLICA
21068,1,NO APLICA
21069,1,NO APLICA
21070,1,NO APLICA
21071,1,NO APLICA
21072,1,NO APLICA
21073,1,NO APLICA
21074,1,NO APLICA
21075,1,NO APLICA
21076,1,NO APLICA
21077,1,NO APLICA
21078,1,NO APLICA
21079,1,NO APLICA
21080,1,NO APLICA
21081,1,NO APLICA
21082,1,NO APLICA
21083,1,NO APLICA
21084,1,NO APLICA
21085,1,NO APLICA
21086,1,NO APLICA
21087,1,NO APLICA
21088,1,NO APLICA
21089,1,NO APLICA
21090,1,NO APLICA
21091,1,NO APLICA
21092,1,NO APLICA
21093,1,NO APLICA
21094,1,NO APLICA
21095,1,NO APLICA
21096,1,NO APLICA
21097,1,NO APLICA
21098,1,NO APLICA
21099,1,NO APLICA
21100,1,NO APLICA
21101,1,NO APLICA
21102,1,NO APLICA
21103,1,NO APLICA
21104,1,NO APLICA
21105,1,NO APLICA
21106,1,NO APLICA
21107,1,NO APLICA
21108,1,NO APLICA
21109,1,NO IDENTIFICADO
21110,1,NO APLICA
21111,1,NO APLICA
21112,1,NO APLICA
21113,1,NO APLICA
21114,1,NO APLICA
21115,1,NO APLICA
21116,1,NO APLICA
21117,1,NO APLICA
21118,1,NO APLICA
21119,1,NO APLICA
21120,1,NO APLICA
21121,1,NO APLICA
21122,1,NO APLICA
21123,1,NO APLICA
21124,1,NO APLICA
21125,1,NO APLICA
21126,1,NO APLICA
21127,1,NO APLICA
21128,1,NO APLICA
21129,1,NO APLICA
21130,1,NO APLICA
21131,1,NO APLICA
21132,1,INCUMPLIMIENTO DE SUS DEBERES
21132,2,USO INDEBIDO DE RECURSOS PUBLICOS
21133,1,NO APLICA
21134,1,ARRESTOS
21134,2,SUSPENSION DE SERVICIO
21135,1,NO APLICA
21136,1,NO APLICA
21137,1,NO APLICA
21138,1,NO APLICA
21139,1,NO APLICA
21140,1,NO APLICA
21141,1,NO APLICA
21142,1,NO APLICA
21143,1,NO APLICA
21144,1,NO APLICA
21145,1,NO APLICA
21146,1,NO APLICA
21147,1,NO APLICA
21148,1,NO APLICA
21149,1,NO APLICA
21150,1,NO APLICA
21151,1,NO APLICA
21152,1,NO APLICA
21153,1,NO APLICA
21154,1,NO APLICA
21155,1,NO APLICA
21156,1,NO APLICA
21157,1,NO APLICA
21158,1,NO APLICA
21159,1,NO APLICA
21160,1,NO APLICA
21161,1,NO APLICA
21162,1,NO APLICA
21163,1,NO APLICA
21164,1,NO APLICA
21165,1,NO APLICA
21166,1,NO APLICA
21167,1,NO APLICA
21168,1,NO APLICA
21169,1,NO APLICA
21170,1,NO APLICA
21171,1,NO APLICA
21172,1,NO APLICA
21173,1,NO APLICA
21174,1,ARRESTO
21174,2,ACTA ADMINISTRATIVA
21174,3,SUSPENSION TEMPORAL
21174,4,SUSPENSION DEFINITIVA O INDEFINIDA
21174,5,BAJA DEFINITIVA
21175,1,NO APLICA
21176,1,NO APLICA
21177,1,NO APLICA
21178,1,NO APLICA
21179,1,NO APLICA
21180,1,NO APLICA
21181,1,NO APLICA
21182,1,NO APLICA
21183,1,NO APLICA
21184,1,NO APLICA
21185,1,NO APLICA
21186,1,NO APLICA
21187,1,NO APLICA
21188,1,NO APLICA
21189,1,NO APLICA
21190,1,NO APLICA
21191,1,NO APLICA
21192,1,NO APLICA
21193,1,NO APLICA
21194,1,NO APLICA
21195,1,NO APLICA
21196,1,NO APLICA
21197,1,NO APLICA
21198,1,NO APLICA
21199,1,NO APLICA
21200,1,NO APLICA
21201,1,NO APLICA
21202,1,NO APLICA
21203,1,NO APLICA
21204,1,NO APLICA
21205,1,NO APLICA
21206,1,NO APLICA
21207,1,NO APLICA
21208,1,NO APLICA
21209,1,NO APLICA
21210,1,NO APLICA
21211,1,NO APLICA
21212,1,NO APLICA
21213,1,NO APLICA
21214,1,NO APLICA
21215,1,NO APLICA
21216,1,NO APLICA
21217,1,NO APLICA
22001,1,NO APLICA
22002,1,NO APLICA
22003,1,NO APLICA
22004,1,NO APLICA
22005,1,NO APLICA
22006,1,NO APLICA
22007,1,NO APLICA
22008,1,NO APLICA
22009,1,NO APLICA
22010,1,NO APLICA
22011,1,NO APLICA
22012,1,NO APLICA
22013,1,NO APLICA
22014,1,DAÑOS A EQUIPO O BIENES DE LA INSTITUCION DOLOSO O NEGLIGENTE
22014,2,FALTAS INJUSTIFICADAS
22014,3,ABUSO DE AUTORIDAD
22014,4,NO ACATAR UNA ORDEN DE SU JEFE INMEDIATO
22014,5,NO CUMPLIR CON OBLIGACIONES INHERENTES AL CARGO
22014,6,NO CUMPLIR CON REQUISITOS DE PERMANENCIA
22014,7,MALA ATENCION
22014,8,INFRACCION DE TRANSITO IRREGULAR
22014,9,SOLICITUD DE DADIVAS
22014,10,PERDIDA DE EQUIPO
22015,1,NO APLICA
22016,1,NO APLICA
22017,1,NO APLICA
22018,1,NO IDENTIFICADO
23001,1,LLEGAR TARDE
23001,2,NO FIRMAR ASISTENCIA
23001,3,NO ACATAR LAS ORDENES
23001,4,NO PORTAR DEBIDAMENTE SU UNIFORME
23002,1,NO APLICA
23003,1,NO APLICA
23004,1,NO APLICA
23005,1,NO APLICA
23006,1,NO APLICA
23007,1,NO APLICA
23008,1,NO APLICA
23009,1,NO SE SABE
23010,1,NO APLICA
23011,1,NO APLICA
24001,1,NO APLICA
24002,1,NO APLICA
24003,1,NO APLICA
24004,1,NO APLICA
24005,1,NO APLICA
24006,1,NO APLICA
24007,1,NO APLICA
24008,1,NO APLICA
24009,1,NO APLICA
24010,1,NO APLICA
24011,1,NO APLICA
24012,1,NO APLICA
24013,1,NO APLICA
24014,1,NO APLICA
24015,1,NO APLICA
24016,1,NO APLICA
24017,1,NO APLICA
24018,1,NO APLICA
24019,1,NO APLICA
24020,1,NO APLICA
24021,1,NO APLICA
24022,1,NO APLICA
24023,1,NO APLICA
24024,1,NO APLICA
24025,1,NO APLICA
24026,1,NO APLICA
24027,1,NO APLICA
24028,1,NO APLICA
24029,1,NO APLICA
24030,1,NO APLICA
24031,1,NO APLICA
24032,1,NO APLICA
24033,1,NO APLICA
24034,1,NO APLICA
24035,1,NO APLICA
24036,1,NO APLICA
24037,1,NO APLICA
24038,1,NO APLICA
24039,1,NO APLICA
24040,1,NO APLICA
24041,1,NO APLICA
24042,1,NO APLICA
24043,1,NO APLICA
24044,1,NO APLICA
24045,1,NO APLICA
24046,1,NO APLICA
24047,1,NO APLICA
24048,1,NO APLICA
24049,1,NO APLICA
24050,1,NO APLICA
24051,1,NO APLICA
24052,1,NO APLICA
24053,1,ROBO
24053,2,ABUSO DE AUTORIDAD
24053,3,LESIONES
24054,1,NO APLICA
24055,1,NO APLICA
24056,1,NO APLICA
24057,1,NO APLICA
24058,1,NO APLICA
25001,1,NO APLICA
25002,1,NO APLICA
25003,1,NO APLICA
25004,1,NO APLICA
25005,1,NO APLICA
25006,1,ACTUACION POLICIAL
25006,2,USO DE FUERZA
25006,3,APLICACION DE LAS FALTAS ADMINISTRATIVAS CORRESPONDIENTES
25006,4,ACATAR INDICACIONES DE UN MANDO SUPERIOR
25006,5,NO PRESENTARSE ANTE EL REQUERIMIENTO DE UN MANDO
25007,1,NO APLICA
25008,1,NO APLICA
25009,1,NO APLICA
25010,1,DESACATO A LAS INDICACIONES DE ALGUN MANDO
25010,2,FALTAS INJUSTIFICADAS
25011,1,NO APLICA
25012,1,NO APLICA
25013,1,NO APLICA
25014,1,NO APLICA
25015,1,NO APLICA
25016,1,NO APLICA
25017,1,NO APLICA
25018,1,NO APLICA
26001,1,NO APLICA
26002,1,NO APLICA
26003,1,NO APLICA
26004,1,NO APLICA
26005,1,NO APLICA
26006,1,NO APLICA
26007,1,NO APLICA
26008,1,NO APLICA
26009,1,NO APLICA
26010,1,NO APLICA
26011,1,NO APLICA
26012,1,NO APLICA
26013,1,NO APLICA
26014,1,NO APLICA
26015,1,NO APLICA
26016,1,NO APLICA
26017,1,NO APLICA
26018,1,NO APLICA
26019,1,NO APLICA
26020,1,NO APLICA
26021,1,NO APLICA
26022,1,NO APLICA
26023,1,NO APLICA
26024,1,NO APLICA
26025,1,NO APLICA
26026,1,NO APLICA
26027,1,NO APLICA
26028,1,NO APLICA
26029,1,NO APLICA
26030,1,NO APLICA
26031,1,NO APLICA
26032,1,NO APLICA
26033,1,NO APLICA
26034,1,NO APLICA
26035,1,NO APLICA
26036,1,NO APLICA
26037,1,NO APLICA
26038,1,NO APLICA
26039,1,NO APLICA
26040,1,NO APLICA
26041,1,NO APLICA
26042,1,NO APLICA
26043,1,NO APLICA
26044,1,NO APLICA
26045,1,NO APLICA
26046,1,NO APLICA
26047,1,NO APLICA
26048,1,NO APLICA
26049,1,NO APLICA
26050,1,NO APLICA
26051,1,NO APLICA
26052,1,NO APLICA
26053,1,NO APLICA
26054,1,NO APLICA
26055,1,NO APLICA
26056,1,NO APLICA
26057,1,NO APLICA
26058,1,NO APLICA
26059,1,NO APLICA
26060,1,NO APLICA
26061,1,NO APLICA
26062,1,NO APLICA
26063,1,NO APLICA
26064,1,NO APLICA
26065,1,NO APLICA
26066,1,NO APLICA
26067,1,NO APLICA
26068,1,NO APLICA
26069,1,NO APLICA
26070,1,NO APLICA
26071,1,NO APLICA
26072,1,NO APLICA
27001,1,NO APLICA
27002,1,NO APLICA
27003,1,NO APLICA
27004,1,NO APLICA
27005,1,NO APLICA
27006,1,NO APLICA
27007,1,NO APLICA
27008,1,NO APLICA
27009,1,NO APLICA
27010,1,NO IDENTIFICADO
27011,1,NO IDENTIFICADO
27012,1,NO APLICA
27013,1,FALTAR 3 DIAS CONSECUTIVAMENTE A SUS LABORES
27013,2,FALTAR EL RESPETO ALGUN CIUDADANO
27013,3,ENCONTRAR AL IMPLICADO EN ESTADO DE EBRIEDAD EN SUS LABORES
27013,4,DELITOS ELECTORALES
27013,5,SUSTRACCION DE CATALIZADORES
27014,1,NO APLICA
27015,1,NO APLICA
27016,1,NO APLICA
27017,1,NO APLICA
28001,1,NO APLICA
28002,1,NO APLICA
28003,1,NO APLICA
28004,1,NO APLICA
28005,1,NO APLICA
28006,1,NO APLICA
28007,1,NO APLICA
28008,1,NO APLICA
28009,1,NO APLICA
28010,1,NO APLICA
28011,1,NO APLICA
28012,1,NO APLICA
28013,1,NO APLICA
28014,1,NO APLICA
28015,1,NO APLICA
28016,1,NO APLICA
28017,1,NO APLICA
28018,1,NO APLICA
28019,1,NO APLICA
28020,1,NO APLICA
28021,1,NO APLICA
28022,1,NO APLICA
28023,1,NO APLICA
28024,1,NO APLICA
28025,1,NO APLICA
28026,1,NO APLICA
28027,1,NO APLICA
28028,1,NO APLICA
28029,1,NO APLICA
28030,1,NO APLICA
28031,1,NO APLICA
28032,1,NO APLICA
28033,1,NO APLICA
28034,1,NO APLICA
28035,1,NO APLICA
28036,1,NO APLICA
28037,1,NO APLICA
28038,1,NO APLICA
28039,1,NO APLICA
28040,1,NO APLICA
28041,1,NO APLICA
28042,1,NO APLICA
28043,1,NO APLICA
29001,1,NO APLICA
29002,1,NO APLICA
29003,1,NO APLICA
29004,1,NO APLICA
29005,1,NO CUMPLIR CON SU LABOR
29005,2,OMITIR INFORMACION
29005,3,TRES MAS DE TRES FALTAS CONTINUAS
29006,1,NO APLICA
29007,1,NO APLICA
29008,1,NO APLICA
29009,1,NO APLICA
29010,1,NO APLICA
29011,1,NO APLICA
29012,1,NO APLICA
29013,1,NO APLICA
29014,1,NO APLICA
29015,1,NO APLICA
29016,1,NO APLICA
29017,1,NO APLICA
29018,1,NO APLICA
29019,1,NO APLICA
29020,1,NO APLICA
29021,1,NO APLICA
29022,1,NO APLICA
29023,1,NO APLICA
29024,1,NO APLICA
29025,1,NO APLICA
29026,1,NO APLICA
29027,1,NO APLICA
29028,1,NO APLICA
29029,1,NO APLICA
29030,1,NO APLICA
29031,1,NO APLICA
29032,1,NO APLICA
29033,1,NO APLICA
29034,1,NO APLICA
29035,1,NO APLICA
29036,1,NO APLICA
29037,1,NO APLICA
29038,1,NO APLICA
29039,1,NO APLICA
29040,1,NO APLICA
29041,1,NO APLICA
29042,1,NO APLICA
29043,1,NO APLICA
29044,1,NO APLICA
29045,1,NO APLICA
29046,1,NO APLICA
29047,1,NO APLICA
29048,1,NO APLICA
29049,1,NO APLICA
29050,1,NO APLICA
29051,1,NO APLICA
29052,1,NO APLICA
29053,1,NO APLICA
29054,1,NO IDENTIFICADO
29055,1,NO APLICA
29056,1,NO APLICA
29057,1,NO APLICA
29058,1,NO APLICA
29059,1,NO APLICA
29060,1,NO APLICA
30001,1,NO APLICA
30002,1,NO APLICA
30003,1,NO APLICA
30004,1,NO APLICA
30005,1,NO APLICA
30006,1,NO IDENTIFICADO
30007,1,NO APLICA
30008,1,NO APLICA
30009,1,NO APLICA
30010,1,NO APLICA
30011,1,NO APLICA
30012,1,NO APLICA
30013,1,NO APLICA
30014,1,NO IDENTIFICADO
30015,1,NO APLICA
30016,1,NO APLICA
30017,1,NO APLICA
30018,1,NO APLICA
30019,1,NO APLICA
30020,1,NO APLICA
30021,1,NO APLICA
30022,1,NO APLICA
30023,1,NO APLICA
30024,1,NO APLICA
30025,1,NO APLICA
30026,1,NO APLICA
30027,1,NO APLICA
30028,1,NO APLICA
30029,1,NO APLICA
30030,1,NO APLICA
30031,1,NO APLICA
30032,1,NO APLICA
30033,1,NO APLICA
30034,1,NO APLICA
30035,1,NO APLICA
30036,1,NO APLICA
30037,1,NO APLICA
30038,1,NO APLICA
30039,1,NO APLICA
30040,1,NO APLICA
30041,1,NO APLICA
30042,1,NO APLICA
30043,1,NO APLICA
30044,1,NO APLICA
30045,1,NO APLICA
30046,1,NO APLICA
30047,1,NO APLICA
30048,1,NO APLICA
30049,1,NO APLICA
30050,1,NO APLICA
30051,1,NO APLICA
30052,1,NO APLICA
30053,1,NO APLICA
30054,1,NO APLICA
30055,1,NO APLICA
30056,1,NO APLICA
30057,1,NO APLICA
30058,1,NO APLICA
30059,1,NO APLICA
30060,1,NO APLICA
30061,1,NO APLICA
30062,1,NO APLICA
30063,1,NO APLICA
30064,1,NO APLICA
30065,1,NO APLICA
30066,1,NO APLICA
30067,1,NO APLICA
30068,1,NO APLICA
30069,1,NO APLICA
30070,1,NO APLICA
30071,1,NO APLICA
30072,1,NO APLICA
30073,1,NO APLICA
30074,1,NO IDENTIFICADO
30075,1,NO IDENTIFICADO
30076,1,NO APLICA
30077,1,NO APLICA
30078,1,NO APLICA
30079,1,NO APLICA
30080,1,NO APLICA
30081,1,NO APLICA
30082,1,NO IDENTIFICADO
30083,1,NO APLICA
30084,1,NO APLICA
30085,1,NO APLICA
30086,1,NO APLICA
30087,1,NO APLICA
30088,1,NO APLICA
30089,1,NO APLICA
30090,1,NO APLICA
30091,1,NO APLICA
30092,1,NO IDENTIFICADO
30093,1,NO IDENTIFICADO
30094,1,NO APLICA
30095,1,NO APLICA
30096,1,NO APLICA
30097,1,NO APLICA
30098,1,NO APLICA
30099,1,NO IDENTIFICADO
30100,1,NO APLICA
30101,1,NO APLICA
30102,1,NO APLICA
30103,1,NO APLICA
30104,1,NO APLICA
30105,1,NO IDENTIFICADO
30106,1,NO APLICA
30107,1,NO APLICA
30108,1,NO APLICA
30109,1,NO APLICA
30110,1,NO APLICA
30111,1,NO APLICA
30112,1,NO APLICA
30113,1,NO APLICA
30114,1,NO APLICA
30115,1,NO APLICA
30116,1,NO APLICA
30117,1,NO APLICA
30118,1,NO APLICA
30119,1,NO APLICA
30120,1,NO APLICA
30121,1,NO APLICA
30122,1,NO APLICA
30123,1,NO APLICA
30124,1,NO APLICA
30125,1,NO IDENTIFICADO
30126,1,NO APLICA
30127,1,NO APLICA
30128,1,NO APLICA
30129,1,NO APLICA
30130,1,NO APLICA
30131,1,NO APLICA
30132,1,NO APLICA
30133,1,NO APLICA
30134,1,NO APLICA
30135,1,NO APLICA
30136,1,NO APLICA
30137,1,NO APLICA
30138,1,NO IDENTIFICADO
30139,1,NO APLICA
30140,1,NO APLICA
30141,1,NO APLICA
30142,1,NO APLICA
30143,1,NO APLICA
30144,1,NO IDENTIFICADO
30145,1,NO APLICA
30146,1,NO APLICA
30147,1,NO IDENTIFICADO
30148,1,NO APLICA
30149,1,NO APLICA
30150,1,NO APLICA
30151,1,NO APLICA
30152,1,NO APLICA
30153,1,NO APLICA
30154,1,NO APLICA
30155,1,NO APLICA
30156,1,NO APLICA
30157,1,NO APLICA
30158,1,NO APLICA
30159,1,NO APLICA
30160,1,NO APLICA
30161,1,NO APLICA
30162,1,NO APLICA
30163,1,NO APLICA
30164,1,NO APLICA
30165,1,NO APLICA
30166,1,NO APLICA
30167,1,NO APLICA
30168,1,NO APLICA
30169,1,NO IDENTIFICADO
30170,1,NO APLICA
30171,1,NO APLICA
30172,1,NO APLICA
30173,1,NO APLICA
30174,1,NO APLICA
30175,1,NO APLICA
30176,1,NO APLICA
30177,1,NO APLICA
30178,1,NO APLICA
30179,1,NO APLICA
30180,1,NO APLICA
30181,1,NO APLICA
30182,1,NO IDENTIFICADO
30183,1,NO APLICA
30184,1,NO APLICA
30185,1,NO APLICA
30186,1,NO APLICA
30187,1,NO APLICA
30188,1,NO APLICA
30189,1,NO APLICA
30190,1,NO APLICA
30191,1,NO IDENTIFICADO
30192,1,NO APLICA
30193,1,NO APLICA
30194,1,NO APLICA
30195,1,NO APLICA
30196,1,NO APLICA
30197,1,NO APLICA
30198,1,NO APLICA
30199,1,NO APLICA
30200,1,NO APLICA
30201,1,NO APLICA
30202,1,NO APLICA
30203,1,NO APLICA
30204,1,NO APLICA
30205,1,NO APLICA
30206,1,NO APLICA
30207,1,NO APLICA
30208,1,NO APLICA
30209,1,NO APLICA
30210,1,NO APLICA
30211,1,NO APLICA
30212,1,NO APLICA
31001,1,NO APLICA
31002,1,NO APLICA
31003,1,NO APLICA
31004,1,NO APLICA
31005,1,NO APLICA
31006,1,NO APLICA
31007,1,NO APLICA
31008,1,NO APLICA
31009,1,NO APLICA
31010,1,NO APLICA
31011,1,NO APLICA
31012,1,NO APLICA
31013,1,NO APLICA
31014,1,NO APLICA
31015,1,NO APLICA
31016,1,NO APLICA
31017,1,NO APLICA
31018,1,NO APLICA
31019,1,NO APLICA
31020,1,NO APLICA
31021,1,NO APLICA
31022,1,NO APLICA
31023,1,NO APLICA
31024,1,NO APLICA
31025,1,NO APLICA
31026,1,NO APLICA
31027,1,NO APLICA
31028,1,NO APLICA
31029,1,NO APLICA
31030,1,NO APLICA
31031,1,NO APLICA
31032,1,NO APLICA
31033,1,NO APLICA
31034,1,NO APLICA
31035,1,NO APLICA
31036,1,NO APLICA
31037,1,NO APLICA
31038,1,NO APLICA
31039,1,NO APLICA
31040,1,NO APLICA
31041,1,NO APLICA
31042,1,NO APLICA
31043,1,NO APLICA
31044,1,NO APLICA
31045,1,NO APLICA
31046,1,NO APLICA
31047,1,NO APLICA
31048,1,NO APLICA
31049,1,NO APLICA
31050,1,NO APLICA
31051,1,NO APLICA
31052,1,NO APLICA
31053,1,NO APLICA
31054,1,NO APLICA
31055,1,NO APLICA
31056,1,LLEGAR TARDE
31056,2,LLEGAR CON ALIENTO ALCOHOLICO
31057,1,NO APLICA
31058,1,NO APLICA
31059,1,NO IDENTIFICADO
31060,1,NO APLICA
31061,1,NO APLICA
31062,1,NO APLICA
31063,1,NO APLICA
31064,1,NO APLICA
31065,1,NO APLICA
31066,1,NO APLICA
31067,1,NO APLICA
31068,1,NO APLICA
31069,1,NO APLICA
31070,1,NO APLICA
31071,1,NO APLICA
31072,1,NO APLICA
31073,1,NO APLICA
31074,1,NO APLICA
31075,1,NO APLICA
31076,1,NO APLICA
31077,1,NO APLICA
31078,1,NO APLICA
31079,1,NO APLICA
31080,1,NO APLICA
31081,1,NO APLICA
31082,1,NO APLICA
31083,1,NO APLICA
31084,1,NO APLICA
31085,1,NO APLICA
31086,1,NO APLICA
31087,1,NO APLICA
31088,1,NO APLICA
31089,1,NO APLICA
31090,1,NO APLICA
31091,1,NO APLICA
31092,1,NO APLICA
31093,1,NO APLICA
31094,1,NO APLICA
31095,1,NO APLICA
31096,1,NO APLICA
31097,1,NO APLICA
31098,1,NO APLICA
31099,1,NO APLICA
31100,1,NO APLICA
31101,1,NO APLICA
31102,1,NO APLICA
31103,1,NO APLICA
31104,1,NO APLICA
31105,1,NO APLICA
31106,1,NO APLICA
32001,1,NO APLICA
32002,1,NO APLICA
32003,1,NO APLICA
32004,1,NO APLICA
32005,1,NO APLICA
32006,1,NO APLICA
32007,1,NO APLICA
32008,1,NO APLICA
32009,1,NO APLICA
32010,1,NO APLICA
32011,1,NO APLICA
32012,1,NO APLICA
32013,1,NO APLICA
32014,1,NO APLICA
32015,1,NO APLICA
32016,1,NO APLICA
32017,1,NO APLICA
32018,1,NO APLICA
32019,1,NO APLICA
32020,1,NO APLICA
32021,1,NO APLICA
32022,1,NO APLICA
32023,1,NO APLICA
32024,1,NO APLICA
32025,1,NO APLICA
32026,1,NO APLICA
32027,1,NO APLICA
32028,1,NO APLICA
32029,1,NO APLICA
32030,1,NO APLICA
32031,1,NO APLICA
32032,1,NO APLICA
32033,1,NO APLICA
32034,1,NO IDENTIFICADO
32035,1,NO APLICA
32036,1,NO APLICA
32037,1,NO APLICA
32038,1,NO APLICA
32039,1,NO APLICA
32040,1,NO APLICA
32041,1,NO APLICA
32042,1,NO APLICA
32043,1,NO APLICA
32044,1,NO APLICA
32045,1,NO APLICA
32046,1,NO APLICA
32047,1,NO APLICA
32048,1,NO APLICA
32049,1,NO APLICA
32050,1,NO APLICA
32051,1,NO APLICA
32052,1,NO APLICA
32053,1,NO APLICA
32054,1,NO APLICA
32055,1,NO APLICA
32056,1,NO APLICA
32057,1,NO APLICA
32058,1,NO APLICA
